{
  "n_rows": 1755,
  "n_firms": 114,
  "positives": 73,
  "base_rate": 0.041595441595441596,
  "towers": [
    "tabular",
    "graph",
    "temporal",
    "text"
  ],
  "fused": {
    "n": 1755,
    "positives": 73,
    "base_rate": 0.041595441595441596,
    "pr_auc": 0.11418607465966776,
    "roc_auc": 0.765677683123483,
    "precision_at_k": {
      "10": 0.3,
      "25": 0.12,
      "50": 0.26
    },
    "recall_at_k": {
      "10": 0.0411,
      "25": 0.0411,
      "50": 0.1781
    },
    "ndcg_at_k": {
      "10": 0.2528,
      "25": 0.1413,
      "50": 0.2373
    },
    "top_decile_lift": 3.9839530332681017,
    "brier": 0.03771061337091479,
    "ece": 5.693451408334136e-18
  },
  "ablation": {
    "Beneish M (threshold)": {
      "n": 1755,
      "positives": 73,
      "base_rate": 0.041595441595441596,
      "pr_auc": 0.06499023307851459,
      "roc_auc": 0.4990145456322381,
      "precision_at_k": {
        "10": 0.1,
        "25": 0.12,
        "50": 0.12
      },
      "recall_at_k": {
        "10": 0.0137,
        "25": 0.0411,
        "50": 0.0822
      },
      "ndcg_at_k": {
        "10": 0.2201,
        "25": 0.1802,
        "50": 0.1593
      },
      "top_decile_lift": 1.0990215264187866,
      "brier": 829.1636669594012,
      "ece": 0.0
    },
    "Dechow F-Score": {
      "n": 1755,
      "positives": 73,
      "base_rate": 0.041595441595441596,
      "pr_auc": 0.06229936371267229,
      "roc_auc": 0.4770983662632548,
      "precision_at_k": {
        "10": 0.2,
        "25": 0.24,
        "50": 0.14
      },
      "recall_at_k": {
        "10": 0.0274,
        "25": 0.0822,
        "50": 0.0959
      },
      "ndcg_at_k": {
        "10": 0.1546,
        "25": 0.2095,
        "50": 0.1466
      },
      "top_decile_lift": 1.3737769080234834,
      "brier": 0.6589616416276957,
      "ece": 0.32660461397033325
    },
    "GBM tabular-only (RUSBoost spirit)": {
      "n": 1755,
      "positives": 73,
      "base_rate": 0.041595441595441596,
      "pr_auc": 0.13850223337497497,
      "roc_auc": 0.7271960972749336,
      "precision_at_k": {
        "10": 0.4,
        "25": 0.24,
        "50": 0.22
      },
      "recall_at_k": {
        "10": 0.0548,
        "25": 0.0822,
        "50": 0.1507
      },
      "ndcg_at_k": {
        "10": 0.5225,
        "25": 0.3492,
        "50": 0.2928
      },
      "top_decile_lift": 2.3354207436399217,
      "brier": 0.0588604901811798,
      "ece": 0.06529006672748719
    },
    "tabular + temporal": {
      "n": 1755,
      "positives": 73,
      "base_rate": 0.041595441595441596,
      "pr_auc": 0.11680381572357654,
      "roc_auc": 0.7643338817128988,
      "precision_at_k": {
        "10": 0.0,
        "25": 0.12,
        "50": 0.1
      },
      "recall_at_k": {
        "10": 0.0,
        "25": 0.0411,
        "50": 0.0685
      },
      "ndcg_at_k": {
        "10": 0.0,
        "25": 0.084,
        "50": 0.0828
      },
      "top_decile_lift": 4.12133072407045,
      "brier": 0.0534033582047604,
      "ece": 0.04739176239349988
    },
    "tabular + temporal + graph": {
      "n": 1755,
      "positives": 73,
      "base_rate": 0.041595441595441596,
      "pr_auc": 0.08572400054573698,
      "roc_auc": 0.6551316925382372,
      "precision_at_k": {
        "10": 0.1,
        "25": 0.04,
        "50": 0.06
      },
      "recall_at_k": {
        "10": 0.0137,
        "25": 0.0137,
        "50": 0.0411
      },
      "ndcg_at_k": {
        "10": 0.0694,
        "25": 0.0388,
        "50": 0.0554
      },
      "top_decile_lift": 3.1596868884540115,
      "brier": 0.05748030660854206,
      "ece": 0.09073985424924234
    },
    "FULL fusion (+text)": {
      "n": 1755,
      "positives": 73,
      "base_rate": 0.041595441595441596,
      "pr_auc": 0.11418607465966776,
      "roc_auc": 0.765677683123483,
      "precision_at_k": {
        "10": 0.3,
        "25": 0.12,
        "50": 0.26
      },
      "recall_at_k": {
        "10": 0.0411,
        "25": 0.0411,
        "50": 0.1781
      },
      "ndcg_at_k": {
        "10": 0.2528,
        "25": 0.1413,
        "50": 0.2373
      },
      "top_decile_lift": 3.9839530332681017,
      "brier": 0.03771061337091479,
      "ece": 5.693451408334136e-18
    }
  },
  "walk_forward": [
    {
      "test_year": 2009,
      "n_test": 10,
      "positives": 1,
      "pr_auc": 0.1,
      "p_at_10": 0.1
    },
    {
      "test_year": 2010,
      "n_test": 81,
      "positives": 2,
      "pr_auc": 0.0274,
      "p_at_10": 0.0
    },
    {
      "test_year": 2011,
      "n_test": 101,
      "positives": 4,
      "pr_auc": 0.0575,
      "p_at_10": 0.0
    },
    {
      "test_year": 2012,
      "n_test": 106,
      "positives": 2,
      "pr_auc": 0.2667,
      "p_at_10": 0.2
    },
    {
      "test_year": 2013,
      "n_test": 107,
      "positives": 3,
      "pr_auc": 0.2733,
      "p_at_10": 0.2
    },
    {
      "test_year": 2014,
      "n_test": 114,
      "positives": 13,
      "pr_auc": 0.5231,
      "p_at_10": 0.6
    },
    {
      "test_year": 2015,
      "n_test": 109,
      "positives": 14,
      "pr_auc": 0.6063,
      "p_at_10": 0.6
    },
    {
      "test_year": 2016,
      "n_test": 117,
      "positives": 13,
      "pr_auc": 0.2927,
      "p_at_10": 0.3
    },
    {
      "test_year": 2017,
      "n_test": 116,
      "positives": 9,
      "pr_auc": 0.3575,
      "p_at_10": 0.3
    },
    {
      "test_year": 2018,
      "n_test": 123,
      "positives": 5,
      "pr_auc": 0.6685,
      "p_at_10": 0.3
    },
    {
      "test_year": 2019,
      "n_test": 115,
      "positives": 1,
      "pr_auc": 0.0286,
      "p_at_10": 0.0
    },
    {
      "test_year": 2020,
      "n_test": 113,
      "positives": 4,
      "pr_auc": 0.7463,
      "p_at_10": 0.3
    }
  ],
  "tower_oof_pr_auc": {
    "tabular": 0.13850223337497497,
    "graph": 0.03432388965260378,
    "temporal": 0.11681750423365055,
    "text": 0.0920637504774932
  }
}